-- ============================================================
-- TENNIS POINT — Seed do Torneio 2026 (4 categorias, 225 entries, 188 matches)
-- Idempotente via ON CONFLICT (id) DO NOTHING.
-- Pré-requisito: 001_create_schema.sql aplicado.
-- ============================================================

-- ============ TOURNAMENT ============
INSERT INTO public.tournaments (id, name, year, status, start_date, end_date, venue) VALUES
('tp2026', 'Torneio Tênis Point 2026', 2026, 'active', '2026-04-01', '2026-06-30', 'Tennis Point Academia')
ON CONFLICT (id) DO NOTHING;

-- ============ CATEGORIES ============
INSERT INTO public.categories (id, tournament_id, name, display_order, size, first_round) VALUES
('cat-a', 'tp2026', 'Cat. A', 1, 32, 'R32'),
('cat-5a', 'tp2026', '5ªA', 2, 32, 'R32'),
('cat-5b', 'tp2026', '5ªB', 3, 64, 'R64'),
('cat-c', 'tp2026', 'Cat. C', 4, 64, 'R64')
ON CONFLICT (id) DO NOTHING;

-- ============ BRACKET ENTRIES (225) ============
INSERT INTO public.bracket_entries (id, category_id, display_label, account_emails) VALUES
('tp26-a-ian', 'cat-a', 'Ian', ARRAY['ian@tennispointt.com.br']::text[]),
('tp26-a-rebol-mb', 'cat-a', 'L. Rebolças / M. Bomba', ARRAY['lrebolcas@tennispointt.com.br','mbomba@tennispointt.com.br']::text[]),
('tp26-a-paulao', 'cat-a', 'Paulão', ARRAY['paulao@tennispointt.com.br']::text[]),
('tp26-a-pan', 'cat-a', 'Pan', ARRAY['pan@tennispointt.com.br']::text[]),
('tp26-a-fabinho', 'cat-a', 'Fabinho', ARRAY['fabinho@tennispointt.com.br']::text[]),
('tp26-a-joao-rossi', 'cat-a', 'João Rossi', ARRAY['joaorossi@tennispointt.com.br']::text[]),
('tp26-a-fcarvoli', 'cat-a', 'F. Carvoli', ARRAY['fcarvoli@tennispointt.com.br']::text[]),
('tp26-a-brunno-c', 'cat-a', 'Brunno C.', ARRAY['brunnoc@tennispointt.com.br']::text[]),
('tp26-a-marcelo-r', 'cat-a', 'Marcelo R.', ARRAY['marcelor@tennispointt.com.br']::text[]),
('tp26-a-panda', 'cat-a', 'Panda', ARRAY['panda@tennispointt.com.br']::text[]),
('tp26-a-breno', 'cat-a', 'Breno', ARRAY['breno@tennispointt.com.br']::text[]),
('tp26-a-tammaro', 'cat-a', 'Tammaro', ARRAY['tammaro@tennispointt.com.br']::text[]),
('tp26-a-lucas-n', 'cat-a', 'Lucas N.', ARRAY['lucasn@tennispointt.com.br']::text[]),
('tp26-a-thais', 'cat-a', 'Thais', ARRAY['thais@tennispointt.com.br']::text[]),
('tp26-a-sandro-h', 'cat-a', 'Sandro / Heraldo', ARRAY['sandro@tennispointt.com.br','heraldo@tennispointt.com.br']::text[]),
('tp26-a-sandro', 'cat-a', 'Sandro', ARRAY['sandro@tennispointt.com.br']::text[]),
('tp26-a-rodrigo-v', 'cat-a', 'Rodrigo V.', ARRAY['rodrigov@tennispointt.com.br']::text[]),
('tp26-a-fabio-i', 'cat-a', 'Fábio I.', ARRAY['fabioi@tennispointt.com.br']::text[]),
('tp26-a-cristian', 'cat-a', 'Cristian', ARRAY['cristian@tennispointt.com.br']::text[]),
('tp26-a-edu-cap', 'cat-a', 'Edu Cap.', ARRAY['educap@tennispointt.com.br']::text[]),
('tp26-a-felipe-c', 'cat-a', 'Felipe C.', ARRAY['felipec@tennispointt.com.br']::text[]),
('tp26-a-magno', 'cat-a', 'Magno', ARRAY['magno@tennispointt.com.br']::text[]),
('tp26-a-luciano-ub', 'cat-a', 'Luciano Ub.', ARRAY['lucianoub@tennispointt.com.br']::text[]),
('tp26-a-m-caldera', 'cat-a', 'M. Caldera', ARRAY['mcaldera@tennispointt.com.br']::text[]),
('tp26-a-martin', 'cat-a', 'Martin', ARRAY['martin@tennispointt.com.br']::text[]),
('tp26-a-flavio', 'cat-a', 'Flávio', ARRAY['flavio@tennispointt.com.br']::text[]),
('tp26-a-joao-curti', 'cat-a', 'João Curti', ARRAY['joaocurti@tennispointt.com.br']::text[]),
('tp26-a-rogester', 'cat-a', 'Rogester', ARRAY['rogester@tennispointt.com.br']::text[]),
('tp26-a-claudinho', 'cat-a', 'Claudinho', ARRAY['claudinho@tennispointt.com.br']::text[]),
('tp26-a-johnatan', 'cat-a', 'Johnatan', ARRAY['johnatan@tennispointt.com.br']::text[]),
('tp26-a-r-setor', 'cat-a', 'R. Setor', ARRAY['rsetor@tennispointt.com.br']::text[]),
('tp26-a-gianni-j', 'cat-a', 'Gianni / Jorgi', ARRAY['gianni@tennispointt.com.br','jorgi@tennispointt.com.br']::text[]),
('tp26-a-jorgi', 'cat-a', 'Jorgi', ARRAY['jorgi@tennispointt.com.br']::text[]),
('tp26-a-rafael-k', 'cat-a', 'Rafael K.', ARRAY['rafaelk@tennispointt.com.br']::text[]),
('tp26-5a-marcelo-ribeiro', 'cat-5a', 'Marcelo Ribeiro', ARRAY['marceloribeiro@tennispointt.com.br']::text[]),
('tp26-5a-guilherme', 'cat-5a', 'Guilherme', ARRAY['guilherme@tennispointt.com.br']::text[]),
('tp26-5a-thiago-c', 'cat-5a', 'Thiago C.', ARRAY['thiagoc@tennispointt.com.br']::text[]),
('tp26-5a-bueno', 'cat-5a', 'Bueno', ARRAY['bueno@tennispointt.com.br']::text[]),
('tp26-5a-luciano-ub', 'cat-5a', 'Luciano Ub.', ARRAY['lucianoub@tennispointt.com.br']::text[]),
('tp26-5a-edu-cap', 'cat-5a', 'Edu Cap.', ARRAY['educap@tennispointt.com.br']::text[]),
('tp26-5a-bruno-p', 'cat-5a', 'Bruno P.', ARRAY['brunop@tennispointt.com.br']::text[]),
('tp26-5a-celio', 'cat-5a', 'Célio', ARRAY['celio@tennispointt.com.br']::text[]),
('tp26-5a-panda', 'cat-5a', 'Panda', ARRAY['panda@tennispointt.com.br']::text[]),
('tp26-5a-lucas-bur', 'cat-5a', 'Lucas Bur.', ARRAY['lucasbur@tennispointt.com.br']::text[]),
('tp26-5a-f-carvoli', 'cat-5a', 'F. Carvoli', ARRAY['fcarvoli@tennispointt.com.br']::text[]),
('tp26-5a-rogester', 'cat-5a', 'Rogester', ARRAY['rogester@tennispointt.com.br']::text[]),
('tp26-5a-reinaldo', 'cat-5a', 'Reinaldo', ARRAY['reinaldo@tennispointt.com.br']::text[]),
('tp26-5a-marcelinho', 'cat-5a', 'Marcelinho', ARRAY['marcelinho@tennispointt.com.br']::text[]),
('tp26-5a-henrique', 'cat-5a', 'Henrique', ARRAY['henrique@tennispointt.com.br']::text[]),
('tp26-5a-arthur', 'cat-5a', 'Arthur', ARRAY['arthur@tennispointt.com.br']::text[]),
('tp26-5a-titis', 'cat-5a', 'Titis', ARRAY['titis@tennispointt.com.br']::text[]),
('tp26-5a-m-caldera', 'cat-5a', 'M. Caldera', ARRAY['mcaldera@tennispointt.com.br']::text[]),
('tp26-5a-gianni', 'cat-5a', 'Gianni', ARRAY['gianni@tennispointt.com.br']::text[]),
('tp26-5a-augusto', 'cat-5a', 'Augusto', ARRAY['augusto@tennispointt.com.br']::text[]),
('tp26-5a-juliano', 'cat-5a', 'Juliano', ARRAY['juliano@tennispointt.com.br']::text[]),
('tp26-5a-duarte', 'cat-5a', 'Duarte', ARRAY['duarte@tennispointt.com.br']::text[]),
('tp26-5a-alvaro', 'cat-5a', 'Alvaro', ARRAY['alvaro@tennispointt.com.br']::text[]),
('tp26-5a-magno', 'cat-5a', 'Magno', ARRAY['magno@tennispointt.com.br']::text[]),
('tp26-5a-johnatan', 'cat-5a', 'Johnatan', ARRAY['johnatan@tennispointt.com.br']::text[]),
('tp26-5a-silvio', 'cat-5a', 'Sílvio', ARRAY['silvio@tennispointt.com.br']::text[]),
('tp26-5a-m-bomba', 'cat-5a', 'M. Bomba', ARRAY['mbomba@tennispointt.com.br']::text[]),
('tp26-5a-pepe', 'cat-5a', 'Pepe', ARRAY['pepe@tennispointt.com.br']::text[]),
('tp26-5a-r-barros', 'cat-5a', 'R. Barros', ARRAY['rbarros@tennispointt.com.br']::text[]),
('tp26-5a-breno', 'cat-5a', 'Breno', ARRAY['breno@tennispointt.com.br']::text[]),
('tp26-5a-joao-curti', 'cat-5a', 'João Curti', ARRAY['joaocurti@tennispointt.com.br']::text[]),
('tp26-5a-m-canete', 'cat-5a', 'M. Canete', ARRAY['mcanete@tennispointt.com.br']::text[]),
('tp26-5a-guto', 'cat-5a', 'Guto', ARRAY['guto@tennispointt.com.br']::text[]),
('tp26-5a-thiaguinho', 'cat-5a', 'Thiaguinho', ARRAY['thiaguinho@tennispointt.com.br']::text[]),
('tp26-5a-thais', 'cat-5a', 'Thais', ARRAY['thais@tennispointt.com.br']::text[]),
('tp26-5a-joao-rossi', 'cat-5a', 'João Rossi', ARRAY['joaorossi@tennispointt.com.br']::text[]),
('tp26-5a-jorgi', 'cat-5a', 'Jorgi', ARRAY['jorgi@tennispointt.com.br']::text[]),
('tp26-5a-paulao', 'cat-5a', 'Paulão', ARRAY['paulao@tennispointt.com.br']::text[]),
('tp26-5a-t-bispo', 'cat-5a', 'T. Bispo', ARRAY['tbispo@tennispointt.com.br']::text[]),
('tp26-5a-gabriel-ub', 'cat-5a', 'Gabriel Ub.', ARRAY['gabrielub@tennispointt.com.br']::text[]),
('tp26-5a-rebolcas', 'cat-5a', 'L. Rebolças', ARRAY['lrebolcas@tennispointt.com.br']::text[]),
('tp26-5a-heraldo', 'cat-5a', 'Heraldo', ARRAY['heraldo@tennispointt.com.br']::text[]),
('tp26-5a-mario-chile', 'cat-5a', 'Mário Chile', ARRAY['mariochile@tennispointt.com.br']::text[]),
('tp26-5a-marcao-h', 'cat-5a', 'Marcão H.', ARRAY['marcaoh@tennispointt.com.br']::text[]),
('tp26-5a-r-setor', 'cat-5a', 'R. Setor', ARRAY['rsetor@tennispointt.com.br']::text[]),
('tp26-5a-l-castro', 'cat-5a', 'L. Castro', ARRAY['lcastro@tennispointt.com.br']::text[]),
('tp26-5a-leo-curti', 'cat-5a', 'Léo Curti', ARRAY['leocurti@tennispointt.com.br']::text[]),
('tp26-5a-longueti', 'cat-5a', 'Longueti', ARRAY['longueti@tennispointt.com.br']::text[]),
('tp26-5a-rodrigo-ub', 'cat-5a', 'Rodrigo Ub.', ARRAY['rodrigoub@tennispointt.com.br']::text[]),
('tp26-5a-riad', 'cat-5a', 'Riad', ARRAY['riad@tennispointt.com.br']::text[]),
('tp26-5a-cristian-ub', 'cat-5a', 'Cristian Ub.', ARRAY['cristianub@tennispointt.com.br']::text[]),
('tp26-5a-feeder-1', 'cat-5a', 'Guilherme / Thiago C.', ARRAY['guilherme@tennispointt.com.br','thiagoc@tennispointt.com.br']::text[]),
('tp26-5a-feeder-2', 'cat-5a', 'Bueno / Luciano Ub.', ARRAY['bueno@tennispointt.com.br','lucianoub@tennispointt.com.br']::text[]),
('tp26-5a-feeder-4', 'cat-5a', 'Panda / Lucas Bur.', ARRAY['panda@tennispointt.com.br','lucasbur@tennispointt.com.br']::text[]),
('tp26-5a-feeder-5', 'cat-5a', 'Reinaldo / Marcelinho', ARRAY['reinaldo@tennispointt.com.br','marcelinho@tennispointt.com.br']::text[]),
('tp26-5a-feeder-7', 'cat-5a', 'Titis / M. Caldera', ARRAY['titis@tennispointt.com.br','mcaldera@tennispointt.com.br']::text[]),
('tp26-5a-feeder-8', 'cat-5a', 'Augusto / Juliano', ARRAY['augusto@tennispointt.com.br','juliano@tennispointt.com.br']::text[]),
('tp26-5a-feeder-9', 'cat-5a', 'Duarte / Alvaro', ARRAY['duarte@tennispointt.com.br','alvaro@tennispointt.com.br']::text[]),
('tp26-5a-feeder-10', 'cat-5a', 'Sílvio / M. Bomba', ARRAY['silvio@tennispointt.com.br','mbomba@tennispointt.com.br']::text[]),
('tp26-5a-feeder-11', 'cat-5a', 'Pepe / R. Barros', ARRAY['pepe@tennispointt.com.br','rbarros@tennispointt.com.br']::text[]),
('tp26-5a-feeder-12', 'cat-5a', 'M. Canete / Guto', ARRAY['mcanete@tennispointt.com.br','guto@tennispointt.com.br']::text[]),
('tp26-5a-feeder-13', 'cat-5a', 'Thiaguinho / Thais', ARRAY['thiaguinho@tennispointt.com.br','thais@tennispointt.com.br']::text[]),
('tp26-5a-feeder-14', 'cat-5a', 'João Rossi / Jorgi', ARRAY['joaorossi@tennispointt.com.br','jorgi@tennispointt.com.br']::text[]),
('tp26-5a-feeder-16', 'cat-5a', 'L. Rebolças / Heraldo', ARRAY['lrebolcas@tennispointt.com.br','heraldo@tennispointt.com.br']::text[]),
('tp26-5a-feeder-17', 'cat-5a', 'Mário Chile / Marcão H.', ARRAY['mariochile@tennispointt.com.br','marcaoh@tennispointt.com.br']::text[]),
('tp26-5a-feeder-18', 'cat-5a', 'L. Castro / Léo Curti', ARRAY['lcastro@tennispointt.com.br','leocurti@tennispointt.com.br']::text[]),
('tp26-5a-feeder-19', 'cat-5a', 'Longueti / Rodrigo Ub.', ARRAY['longueti@tennispointt.com.br','rodrigoub@tennispointt.com.br']::text[]),
('tp26-5a-feeder-20', 'cat-5a', 'Riad / Cristian Ub.', ARRAY['riad@tennispointt.com.br','cristianub@tennispointt.com.br']::text[]),
('tp26-5b-eden-cleiton', 'cat-5b', 'Éden / Cleiton', ARRAY['eden@tennispointt.com.br','cleiton@tennispointt.com.br']::text[]),
('tp26-5b-thiago-costa', 'cat-5b', 'Thiago Costa', ARRAY['thiagocosta@tennispointt.com.br']::text[]),
('tp26-5b-guilhermo', 'cat-5b', 'Guilhermo', ARRAY['guilhermo@tennispointt.com.br']::text[]),
('tp26-5b-duarte', 'cat-5b', 'Duarte', ARRAY['duarte@tennispointt.com.br']::text[]),
('tp26-5b-flavio-m', 'cat-5b', 'Flávio M.', ARRAY['flaviom@tennispointt.com.br']::text[]),
('tp26-5b-aldecir', 'cat-5b', 'Aldecir', ARRAY['aldecir@tennispointt.com.br']::text[]),
('tp26-5b-pedro-henrique', 'cat-5b', 'Pedro Henrique', ARRAY['pedrohenrique@tennispointt.com.br']::text[]),
('tp26-5b-tiago-burihan', 'cat-5b', 'Tiago Burihan', ARRAY['tiagoburihan@tennispointt.com.br']::text[]),
('tp26-5b-celio', 'cat-5b', 'Célio', ARRAY['celio@tennispointt.com.br']::text[]),
('tp26-5b-wando', 'cat-5b', 'Wando', ARRAY['wando@tennispointt.com.br']::text[]),
('tp26-5b-alex-japa-giovani', 'cat-5b', 'Alex Japa / Giovani', ARRAY['alexjapa@tennispointt.com.br','giovani@tennispointt.com.br']::text[]),
('tp26-5b-tiago-bispo', 'cat-5b', 'Tiago Bispo', ARRAY['tiagobispo@tennispointt.com.br']::text[]),
('tp26-5b-magal', 'cat-5b', 'Magal', ARRAY['magal@tennispointt.com.br']::text[]),
('tp26-5b-bruno-oliv', 'cat-5b', 'Bruno Oliv.', ARRAY['brunooliv@tennispointt.com.br']::text[]),
('tp26-5b-jaco', 'cat-5b', 'Jaco', ARRAY['jaco@tennispointt.com.br']::text[]),
('tp26-5b-bueno', 'cat-5b', 'Bueno', ARRAY['bueno@tennispointt.com.br']::text[]),
('tp26-5b-rodrigo-ub', 'cat-5b', 'Rodrigo Ub.', ARRAY['rodrigoub@tennispointt.com.br']::text[]),
('tp26-5b-pedro-kokol', 'cat-5b', 'Pedro Kokol', ARRAY['pedrokokol@tennispointt.com.br']::text[]),
('tp26-5b-leandro-neves', 'cat-5b', 'Leandro Neves', ARRAY['leandroneves@tennispointt.com.br']::text[]),
('tp26-5b-reinaldo', 'cat-5b', 'Reinaldo', ARRAY['reinaldo@tennispointt.com.br']::text[]),
('tp26-5b-joao-goulart', 'cat-5b', 'João Goulart', ARRAY['joaogoulart@tennispointt.com.br']::text[]),
('tp26-5b-china', 'cat-5b', 'China', ARRAY['china@tennispointt.com.br']::text[]),
('tp26-5b-riad', 'cat-5b', 'Riad', ARRAY['riad@tennispointt.com.br']::text[]),
('tp26-5b-wilson', 'cat-5b', 'Wilson', ARRAY['wilson@tennispointt.com.br']::text[]),
('tp26-5b-cristiano-lodi', 'cat-5b', 'Cristiano Lodi', ARRAY['cristianolodi@tennispointt.com.br']::text[]),
('tp26-5b-marco-q', 'cat-5b', 'Marco Q.', ARRAY['marcoq@tennispointt.com.br']::text[]),
('tp26-5b-serginho', 'cat-5b', 'Serginho', ARRAY['serginho@tennispointt.com.br']::text[]),
('tp26-5b-mario-chile', 'cat-5b', 'Mário Chile', ARRAY['mariochile@tennispointt.com.br']::text[]),
('tp26-5b-joao-v', 'cat-5b', 'João V.', ARRAY['joaov@tennispointt.com.br']::text[]),
('tp26-5b-julio-p', 'cat-5b', 'Júlio P.', ARRAY['juliop@tennispointt.com.br']::text[]),
('tp26-5b-guilherme-ub', 'cat-5b', 'Guilherme Ub.', ARRAY['guilhermeub@tennispointt.com.br']::text[]),
('tp26-5b-guilherme', 'cat-5b', 'Guilherme', ARRAY['guilherme@tennispointt.com.br']::text[]),
('tp26-5b-gabriel-ub', 'cat-5b', 'Gabriel Ub.', ARRAY['gabrielub@tennispointt.com.br']::text[]),
('tp26-5b-l-felipe', 'cat-5b', 'L. Felipe', ARRAY['lfelipe@tennispointt.com.br']::text[]),
('tp26-5b-augusto', 'cat-5b', 'Augusto', ARRAY['augusto@tennispointt.com.br']::text[]),
('tp26-5b-glauco-beach', 'cat-5b', 'Glauco Beach', ARRAY['glaucobeach@tennispointt.com.br']::text[]),
('tp26-5b-miro', 'cat-5b', 'Miro', ARRAY['miro@tennispointt.com.br']::text[]),
('tp26-5b-lucas-ramos', 'cat-5b', 'Lucas Ramos', ARRAY['lucasramos@tennispointt.com.br']::text[]),
('tp26-5b-lucas-b', 'cat-5b', 'Lucas B.', ARRAY['lucasb@tennispointt.com.br']::text[]),
('tp26-5b-sharles-gimenes', 'cat-5b', 'Sharles / R. Gimenes', ARRAY['sharles@tennispointt.com.br','rgimenes@tennispointt.com.br']::text[]),
('tp26-5b-bruno-pozzatti', 'cat-5b', 'Bruno Pozzatti', ARRAY['brunopozzatti@tennispointt.com.br']::text[]),
('tp26-5b-joao-g', 'cat-5b', 'João G.', ARRAY['joaog@tennispointt.com.br']::text[]),
('tp26-5b-guto', 'cat-5b', 'Guto', ARRAY['guto@tennispointt.com.br']::text[]),
('tp26-5b-m-canete', 'cat-5b', 'M. Canete', ARRAY['mcanete@tennispointt.com.br']::text[]),
('tp26-5b-a-rentes', 'cat-5b', 'A. Rentes', ARRAY['arentes@tennispointt.com.br']::text[]),
('tp26-5b-salomao', 'cat-5b', 'Salomão', ARRAY['salomao@tennispointt.com.br']::text[]),
('tp26-5b-arthur', 'cat-5b', 'Arthur', ARRAY['arthur@tennispointt.com.br']::text[]),
('tp26-5b-rodrigo-barros', 'cat-5b', 'Rodrigo Barros', ARRAY['rodrigobarros@tennispointt.com.br']::text[]),
('tp26-5b-fernando-s-seb', 'cat-5b', 'Fernando S. Seb.', ARRAY['fernandosseb@tennispointt.com.br']::text[]),
('tp26-5b-quina', 'cat-5b', 'Quina', ARRAY['quina@tennispointt.com.br']::text[]),
('tp26-5b-leo-curti', 'cat-5b', 'Léo Curti', ARRAY['leocurti@tennispointt.com.br']::text[]),
('tp26-5b-lucas-castro', 'cat-5b', 'Lucas Castro', ARRAY['lucascastro@tennispointt.com.br']::text[]),
('tp26-5b-rodrigo-rib', 'cat-5b', 'Rodrigo Rib.', ARRAY['rodrigorib@tennispointt.com.br']::text[]),
('tp26-5b-rogerio', 'cat-5b', 'Rogério', ARRAY['rogerio@tennispointt.com.br']::text[]),
('tp26-5b-silvio', 'cat-5b', 'Sílvio', ARRAY['silvio@tennispointt.com.br']::text[]),
('tp26-5b-renan', 'cat-5b', 'Renan', ARRAY['renan@tennispointt.com.br']::text[]),
('tp26-5b-zuca', 'cat-5b', 'Zuca', ARRAY['zuca@tennispointt.com.br']::text[]),
('tp26-5b-peru-luis-e', 'cat-5b', 'Peru / Luís E.', ARRAY['peru@tennispointt.com.br','luise@tennispointt.com.br']::text[]),
('tp26-5b-gustavo-sc', 'cat-5b', 'Gustavo sc', ARRAY['gustavosc@tennispointt.com.br']::text[]),
('tp26-5b-bruno-diniz', 'cat-5b', 'Bruno Diniz', ARRAY['brunodiniz@tennispointt.com.br']::text[]),
('tp26-5b-yan', 'cat-5b', 'Yan', ARRAY['yan@tennispointt.com.br']::text[]),
('tp26-5b-igor', 'cat-5b', 'Igor', ARRAY['igor@tennispointt.com.br']::text[]),
('tp26-5b-pepe', 'cat-5b', 'Pepe', ARRAY['pepe@tennispointt.com.br']::text[]),
('tp26-c-ratinho', 'cat-c', 'Ratinho', ARRAY['ratinho@tennispointt.com.br']::text[]),
('tp26-c-sharles', 'cat-c', 'Sharles', ARRAY['sharles@tennispointt.com.br']::text[]),
('tp26-c-cleiton', 'cat-c', 'Cleiton', ARRAY['cleiton@tennispointt.com.br']::text[]),
('tp26-c-lucas-ramos', 'cat-c', 'Lucas Ramos', ARRAY['lucasramos@tennispointt.com.br']::text[]),
('tp26-c-alan-r', 'cat-c', 'Alan R.', ARRAY['alanr@tennispointt.com.br']::text[]),
('tp26-c-humberto', 'cat-c', 'Humberto', ARRAY['humberto@tennispointt.com.br']::text[]),
('tp26-c-marco-q', 'cat-c', 'Marco Q.', ARRAY['marcoq@tennispointt.com.br']::text[]),
('tp26-c-china', 'cat-c', 'China', ARRAY['china@tennispointt.com.br']::text[]),
('tp26-c-leo-paes', 'cat-c', 'Léo Paes', ARRAY['leopaes@tennispointt.com.br']::text[]),
('tp26-c-baduca', 'cat-c', 'Baduca', ARRAY['baduca@tennispointt.com.br']::text[]),
('tp26-c-bruno-o', 'cat-c', 'Bruno O.', ARRAY['brunoo@tennispointt.com.br']::text[]),
('tp26-c-wando', 'cat-c', 'Wando', ARRAY['wando@tennispointt.com.br']::text[]),
('tp26-c-fredi', 'cat-c', 'Fredi', ARRAY['fredi@tennispointt.com.br']::text[]),
('tp26-c-joao-rj', 'cat-c', 'João RJ', ARRAY['joaorj@tennispointt.com.br']::text[]),
('tp26-c-guilhermo', 'cat-c', 'Guilhermo', ARRAY['guilhermo@tennispointt.com.br']::text[]),
('tp26-c-paulo', 'cat-c', 'Paulo', ARRAY['paulo@tennispointt.com.br']::text[]),
('tp26-c-edmilson', 'cat-c', 'Edmilson', ARRAY['edmilson@tennispointt.com.br']::text[]),
('tp26-c-fagner', 'cat-c', 'Fagner', ARRAY['fagner@tennispointt.com.br']::text[]),
('tp26-c-luis-felipe', 'cat-c', 'Luis Felipe', ARRAY['luisfelipe@tennispointt.com.br']::text[]),
('tp26-c-elaine', 'cat-c', 'Elaine', ARRAY['elaine@tennispointt.com.br']::text[]),
('tp26-c-a-peru', 'cat-c', 'A. Peru', ARRAY['aperu@tennispointt.com.br']::text[]),
('tp26-c-romeu', 'cat-c', 'Romeu', ARRAY['romeu@tennispointt.com.br']::text[]),
('tp26-c-andre-r', 'cat-c', 'André R.', ARRAY['andrer@tennispointt.com.br']::text[]),
('tp26-c-rodrigo-rib', 'cat-c', 'Rodrigo Rib.', ARRAY['rodrigorib@tennispointt.com.br']::text[]),
('tp26-c-lukas', 'cat-c', 'Lukas', ARRAY['lukas@tennispointt.com.br']::text[]),
('tp26-c-rafael-e', 'cat-c', 'Rafael E.', ARRAY['rafaele@tennispointt.com.br']::text[]),
('tp26-c-rafael-gim', 'cat-c', 'Rafael Gim.', ARRAY['rafaelgim@tennispointt.com.br']::text[]),
('tp26-c-zuca', 'cat-c', 'Zuca', ARRAY['zuca@tennispointt.com.br']::text[]),
('tp26-c-luis-eduardo', 'cat-c', 'Luis Eduardo', ARRAY['luiseduardo@tennispointt.com.br']::text[]),
('tp26-c-miro', 'cat-c', 'Miro', ARRAY['miro@tennispointt.com.br']::text[]),
('tp26-c-yan', 'cat-c', 'Yan', ARRAY['yan@tennispointt.com.br']::text[]),
('tp26-c-lucas-gallina', 'cat-c', 'Lucas Gallina', ARRAY['lucasgallina@tennispointt.com.br']::text[]),
('tp26-c-robertinho', 'cat-c', 'Robertinho', ARRAY['robertinho@tennispointt.com.br']::text[]),
('tp26-c-rogerio', 'cat-c', 'Rogério', ARRAY['rogerio@tennispointt.com.br']::text[]),
('tp26-c-aldecir', 'cat-c', 'Aldecir', ARRAY['aldecir@tennispointt.com.br']::text[]),
('tp26-c-cristiano-lodi', 'cat-c', 'Cristiano Lodi', ARRAY['cristianolodi@tennispointt.com.br']::text[]),
('tp26-c-julio-guto', 'cat-c', 'Júlio Guto', ARRAY['julioguto@tennispointt.com.br']::text[]),
('tp26-c-pedro-henrique', 'cat-c', 'Pedro Henrique', ARRAY['pedrohenrique@tennispointt.com.br']::text[]),
('tp26-c-caio', 'cat-c', 'Caio', ARRAY['caio@tennispointt.com.br']::text[]),
('tp26-c-ton', 'cat-c', 'Ton', ARRAY['ton@tennispointt.com.br']::text[]),
('tp26-c-alex-japa', 'cat-c', 'Alex Japa', ARRAY['alexjapa@tennispointt.com.br']::text[]),
('tp26-c-vitor', 'cat-c', 'Vitor', ARRAY['vitor@tennispointt.com.br']::text[]),
('tp26-c-igor', 'cat-c', 'Igor', ARRAY['igor@tennispointt.com.br']::text[]),
('tp26-c-ulisses', 'cat-c', 'Ulisses', ARRAY['ulisses@tennispointt.com.br']::text[]),
('tp26-c-dr-douglas', 'cat-c', 'Dr Douglas', ARRAY['drdouglas@tennispointt.com.br']::text[]),
('tp26-c-rogester', 'cat-c', 'Rogester', ARRAY['rogester@tennispointt.com.br']::text[]),
('tp26-c-fernando-rufino', 'cat-c', 'Fernando Rufino', ARRAY['fernandorufino@tennispointt.com.br']::text[]),
('tp26-c-danilo', 'cat-c', 'Danilo', ARRAY['danilo@tennispointt.com.br']::text[]),
('tp26-c-rodrigo-quina', 'cat-c', 'Rodrigo Quina', ARRAY['rodrigoquina@tennispointt.com.br']::text[]),
('tp26-c-joao-goulart', 'cat-c', 'João Goulart', ARRAY['joaogoulart@tennispointt.com.br']::text[]),
('tp26-c-vinicius', 'cat-c', 'Vinícius', ARRAY['vinicius@tennispointt.com.br']::text[]),
('tp26-c-nicolas', 'cat-c', 'Nícolas', ARRAY['nicolas@tennispointt.com.br']::text[]),
('tp26-c-julio-p', 'cat-c', 'Júlio P.', ARRAY['juliop@tennispointt.com.br']::text[]),
('tp26-c-jaco', 'cat-c', 'Jacó', ARRAY['jaco@tennispointt.com.br']::text[]),
('tp26-c-pedro-kokol', 'cat-c', 'Pedro Kokol', ARRAY['pedrokokol@tennispointt.com.br']::text[]),
('tp26-c-giovani', 'cat-c', 'Giovani', ARRAY['giovani@tennispointt.com.br']::text[]),
('tp26-c-joao-guilherme', 'cat-c', 'João Guilherme', ARRAY['joaoguilherme@tennispointt.com.br']::text[]),
('tp26-c-eden', 'cat-c', 'Éden', ARRAY['eden@tennispointt.com.br']::text[]),
('tp26-c-juscelino', 'cat-c', 'Juscelino', ARRAY['juscelino@tennispointt.com.br']::text[]),
('tp26-c-salomao', 'cat-c', 'Salomão', ARRAY['salomao@tennispointt.com.br']::text[])
ON CONFLICT (id) DO NOTHING;

-- ============ MATCHES (188) ============
INSERT INTO public.matches (id, category_id, round, match_number, player1_entry_id, player2_entry_id, winner_entry_id, score, walkover_reason, is_bye) VALUES
('cat-a-r32-1', 'cat-a', 'R32', 1, 'tp26-a-ian', 'tp26-a-rebol-mb', NULL, NULL, NULL, false),
('cat-a-r32-2', 'cat-a', 'R32', 2, 'tp26-a-paulao', 'tp26-a-pan', NULL, NULL, NULL, false),
('cat-a-r32-3', 'cat-a', 'R32', 3, 'tp26-a-fabinho', 'tp26-a-joao-rossi', NULL, NULL, NULL, false),
('cat-a-r32-4', 'cat-a', 'R32', 4, 'tp26-a-fcarvoli', 'tp26-a-brunno-c', NULL, NULL, NULL, false),
('cat-a-r32-5', 'cat-a', 'R32', 5, 'tp26-a-marcelo-r', 'tp26-a-panda', 'tp26-a-panda', '[[3,6],[6,0],[11,9]]'::jsonb, NULL, false),
('cat-a-r32-6', 'cat-a', 'R32', 6, 'tp26-a-breno', 'tp26-a-tammaro', 'tp26-a-tammaro', '[[2,6],[6,1],[10,2]]'::jsonb, NULL, false),
('cat-a-r32-7', 'cat-a', 'R32', 7, 'tp26-a-lucas-n', 'tp26-a-thais', NULL, NULL, NULL, false),
('cat-a-r32-8', 'cat-a', 'R32', 8, 'tp26-a-sandro-h', 'tp26-a-sandro', 'tp26-a-sandro', '[[6,0],[6,1]]'::jsonb, NULL, false),
('cat-a-r32-9', 'cat-a', 'R32', 9, 'tp26-a-fabio-i', 'tp26-a-cristian', 'tp26-a-cristian', '[[6,1],[4,6],[11,9]]'::jsonb, NULL, false),
('cat-a-r32-10', 'cat-a', 'R32', 10, 'tp26-a-edu-cap', 'tp26-a-felipe-c', NULL, NULL, NULL, false),
('cat-a-r32-11', 'cat-a', 'R32', 11, 'tp26-a-magno', 'tp26-a-luciano-ub', NULL, NULL, NULL, false),
('cat-a-r32-12', 'cat-a', 'R32', 12, 'tp26-a-m-caldera', 'tp26-a-martin', NULL, NULL, NULL, false),
('cat-a-r32-13', 'cat-a', 'R32', 13, 'tp26-a-flavio', 'tp26-a-joao-curti', NULL, NULL, NULL, false),
('cat-a-r32-14', 'cat-a', 'R32', 14, 'tp26-a-rogester', 'tp26-a-claudinho', 'tp26-a-claudinho', '[[6,1],[7,6]]'::jsonb, NULL, false),
('cat-a-r32-15', 'cat-a', 'R32', 15, 'tp26-a-johnatan', 'tp26-a-r-setor', NULL, NULL, NULL, false),
('cat-a-r32-16', 'cat-a', 'R32', 16, 'tp26-a-gianni-j', 'tp26-a-jorgi', 'tp26-a-jorgi', '[[6,4]]'::jsonb, NULL, false),
('cat-a-r16-17', 'cat-a', 'R16', 17, NULL, NULL, NULL, NULL, NULL, false),
('cat-a-r16-18', 'cat-a', 'R16', 18, NULL, NULL, NULL, NULL, NULL, false),
('cat-a-r16-19', 'cat-a', 'R16', 19, 'tp26-a-panda', 'tp26-a-tammaro', NULL, NULL, NULL, false),
('cat-a-r16-20', 'cat-a', 'R16', 20, 'tp26-a-sandro', 'tp26-a-rodrigo-v', 'tp26-a-sandro', '[[6,0],[6,1]]'::jsonb, NULL, false),
('cat-a-r16-21', 'cat-a', 'R16', 21, 'tp26-a-cristian', NULL, NULL, NULL, NULL, false),
('cat-a-r16-22', 'cat-a', 'R16', 22, NULL, NULL, NULL, NULL, NULL, false),
('cat-a-r16-23', 'cat-a', 'R16', 23, NULL, 'tp26-a-claudinho', NULL, NULL, NULL, false),
('cat-a-r16-24', 'cat-a', 'R16', 24, 'tp26-a-jorgi', 'tp26-a-rafael-k', 'tp26-a-jorgi', '[[6,4]]'::jsonb, NULL, false),
('cat-a-qf-25', 'cat-a', 'QF', 25, NULL, NULL, NULL, NULL, NULL, false),
('cat-a-qf-26', 'cat-a', 'QF', 26, NULL, NULL, NULL, NULL, NULL, false),
('cat-a-qf-27', 'cat-a', 'QF', 27, NULL, NULL, NULL, NULL, NULL, false),
('cat-a-qf-28', 'cat-a', 'QF', 28, NULL, NULL, NULL, NULL, NULL, false),
('cat-a-sf-29', 'cat-a', 'SF', 29, NULL, NULL, NULL, NULL, NULL, false),
('cat-a-sf-30', 'cat-a', 'SF', 30, NULL, NULL, NULL, NULL, NULL, false),
('cat-a-f-31', 'cat-a', 'F', 31, NULL, NULL, NULL, NULL, NULL, false),
('cat-5a-r32-1', 'cat-5a', 'R32', 1, 'tp26-5a-marcelo-ribeiro', 'tp26-5a-feeder-1', NULL, NULL, NULL, false),
('cat-5a-r32-2', 'cat-5a', 'R32', 2, 'tp26-5a-feeder-2', 'tp26-5a-luciano-ub', NULL, NULL, NULL, false),
('cat-5a-r32-3', 'cat-5a', 'R32', 3, 'tp26-5a-edu-cap', 'tp26-5a-celio', 'tp26-5a-celio', '[[6,1],[7,6]]'::jsonb, NULL, false),
('cat-5a-r32-4', 'cat-5a', 'R32', 4, 'tp26-5a-feeder-4', 'tp26-5a-f-carvoli', NULL, NULL, NULL, false),
('cat-5a-r32-5', 'cat-5a', 'R32', 5, 'tp26-5a-rogester', 'tp26-5a-feeder-5', NULL, NULL, NULL, false),
('cat-5a-r32-6', 'cat-5a', 'R32', 6, 'tp26-5a-henrique', 'tp26-5a-feeder-7', 'tp26-5a-henrique', NULL, NULL, false),
('cat-5a-r32-7', 'cat-5a', 'R32', 7, 'tp26-5a-gianni', 'tp26-5a-feeder-8', NULL, NULL, NULL, false),
('cat-5a-r32-8', 'cat-5a', 'R32', 8, 'tp26-5a-feeder-9', 'tp26-5a-magno', NULL, NULL, NULL, false),
('cat-5a-r32-9', 'cat-5a', 'R32', 9, 'tp26-5a-johnatan', 'tp26-5a-feeder-10', NULL, NULL, NULL, false),
('cat-5a-r32-10', 'cat-5a', 'R32', 10, 'tp26-5a-feeder-11', 'tp26-5a-breno', NULL, NULL, NULL, false),
('cat-5a-r32-11', 'cat-5a', 'R32', 11, 'tp26-5a-joao-curti', 'tp26-5a-feeder-12', NULL, NULL, NULL, false),
('cat-5a-r32-12', 'cat-5a', 'R32', 12, 'tp26-5a-feeder-13', 'tp26-5a-feeder-14', NULL, NULL, NULL, false),
('cat-5a-r32-13', 'cat-5a', 'R32', 13, 'tp26-5a-paulao', 'tp26-5a-gabriel-ub', 'tp26-5a-gabriel-ub', '[[5,7],[6,0],[10,2]]'::jsonb, NULL, false),
('cat-5a-r32-14', 'cat-5a', 'R32', 14, 'tp26-5a-feeder-16', 'tp26-5a-feeder-17', NULL, NULL, NULL, false),
('cat-5a-r32-15', 'cat-5a', 'R32', 15, 'tp26-5a-r-setor', 'tp26-5a-feeder-18', NULL, NULL, NULL, false),
('cat-5a-r32-16', 'cat-5a', 'R32', 16, 'tp26-5a-feeder-19', 'tp26-5a-feeder-20', NULL, NULL, NULL, false),
('cat-5a-r16-17', 'cat-5a', 'R16', 17, NULL, NULL, NULL, NULL, NULL, false),
('cat-5a-r16-18', 'cat-5a', 'R16', 18, 'tp26-5a-celio', NULL, NULL, NULL, NULL, false),
('cat-5a-r16-19', 'cat-5a', 'R16', 19, NULL, 'tp26-5a-henrique', NULL, NULL, NULL, false),
('cat-5a-r16-20', 'cat-5a', 'R16', 20, NULL, NULL, NULL, NULL, NULL, false),
('cat-5a-r16-21', 'cat-5a', 'R16', 21, NULL, NULL, NULL, NULL, NULL, false),
('cat-5a-r16-22', 'cat-5a', 'R16', 22, NULL, NULL, NULL, NULL, NULL, false),
('cat-5a-r16-23', 'cat-5a', 'R16', 23, 'tp26-5a-gabriel-ub', NULL, NULL, NULL, NULL, false),
('cat-5a-r16-24', 'cat-5a', 'R16', 24, NULL, NULL, NULL, NULL, NULL, false),
('cat-5a-qf-25', 'cat-5a', 'QF', 25, NULL, NULL, NULL, NULL, NULL, false),
('cat-5a-qf-26', 'cat-5a', 'QF', 26, NULL, NULL, NULL, NULL, NULL, false),
('cat-5a-qf-27', 'cat-5a', 'QF', 27, NULL, NULL, NULL, NULL, NULL, false),
('cat-5a-qf-28', 'cat-5a', 'QF', 28, NULL, NULL, NULL, NULL, NULL, false),
('cat-5a-sf-29', 'cat-5a', 'SF', 29, NULL, NULL, NULL, NULL, NULL, false),
('cat-5a-sf-30', 'cat-5a', 'SF', 30, NULL, NULL, NULL, NULL, NULL, false),
('cat-5a-f-31', 'cat-5a', 'F', 31, NULL, NULL, NULL, NULL, NULL, false),
('cat-5b-r64-1', 'cat-5b', 'R64', 1, 'tp26-5b-eden-cleiton', 'tp26-5b-thiago-costa', 'tp26-5b-thiago-costa', NULL, NULL, true),
('cat-5b-r64-2', 'cat-5b', 'R64', 2, 'tp26-5b-guilhermo', 'tp26-5b-duarte', NULL, NULL, NULL, false),
('cat-5b-r64-3', 'cat-5b', 'R64', 3, 'tp26-5b-flavio-m', 'tp26-5b-aldecir', NULL, NULL, NULL, false),
('cat-5b-r64-4', 'cat-5b', 'R64', 4, 'tp26-5b-pedro-henrique', 'tp26-5b-tiago-burihan', NULL, NULL, NULL, false),
('cat-5b-r64-5', 'cat-5b', 'R64', 5, 'tp26-5b-celio', 'tp26-5b-wando', NULL, NULL, NULL, false),
('cat-5b-r64-6', 'cat-5b', 'R64', 6, 'tp26-5b-alex-japa-giovani', 'tp26-5b-tiago-bispo', 'tp26-5b-tiago-bispo', NULL, NULL, true),
('cat-5b-r64-7', 'cat-5b', 'R64', 7, 'tp26-5b-magal', 'tp26-5b-bruno-oliv', NULL, NULL, NULL, false),
('cat-5b-r64-8', 'cat-5b', 'R64', 8, 'tp26-5b-jaco', 'tp26-5b-bueno', NULL, NULL, NULL, false),
('cat-5b-r64-9', 'cat-5b', 'R64', 9, NULL, 'tp26-5b-rodrigo-ub', 'tp26-5b-rodrigo-ub', NULL, NULL, true),
('cat-5b-r64-10', 'cat-5b', 'R64', 10, 'tp26-5b-pedro-kokol', 'tp26-5b-leandro-neves', NULL, NULL, NULL, false),
('cat-5b-r64-11', 'cat-5b', 'R64', 11, 'tp26-5b-reinaldo', 'tp26-5b-joao-goulart', 'tp26-5b-joao-goulart', '[[6,4],[3,6],[10,8]]'::jsonb, NULL, false),
('cat-5b-r64-12', 'cat-5b', 'R64', 12, 'tp26-5b-china', 'tp26-5b-riad', NULL, NULL, NULL, false),
('cat-5b-r64-13', 'cat-5b', 'R64', 13, 'tp26-5b-wilson', 'tp26-5b-cristiano-lodi', NULL, NULL, NULL, false),
('cat-5b-r64-14', 'cat-5b', 'R64', 14, 'tp26-5b-marco-q', 'tp26-5b-serginho', NULL, NULL, NULL, false),
('cat-5b-r64-15', 'cat-5b', 'R64', 15, 'tp26-5b-mario-chile', 'tp26-5b-joao-v', NULL, NULL, NULL, false),
('cat-5b-r64-16', 'cat-5b', 'R64', 16, 'tp26-5b-julio-p', 'tp26-5b-guilherme-ub', 'tp26-5b-guilherme-ub', '[[6,3],[6,0]]'::jsonb, NULL, false),
('cat-5b-r64-17', 'cat-5b', 'R64', 17, 'tp26-5b-gabriel-ub', 'tp26-5b-l-felipe', 'tp26-5b-l-felipe', '[[6,4],[6,0]]'::jsonb, NULL, false),
('cat-5b-r64-18', 'cat-5b', 'R64', 18, 'tp26-5b-augusto', NULL, 'tp26-5b-augusto', NULL, NULL, true),
('cat-5b-r64-19', 'cat-5b', 'R64', 19, 'tp26-5b-glauco-beach', 'tp26-5b-miro', NULL, NULL, NULL, false),
('cat-5b-r64-20', 'cat-5b', 'R64', 20, 'tp26-5b-lucas-ramos', 'tp26-5b-lucas-b', 'tp26-5b-lucas-b', '[[6,3],[1,6],[10,5]]'::jsonb, NULL, false),
('cat-5b-r64-21', 'cat-5b', 'R64', 21, 'tp26-5b-sharles-gimenes', 'tp26-5b-bruno-pozzatti', 'tp26-5b-bruno-pozzatti', NULL, NULL, true),
('cat-5b-r64-22', 'cat-5b', 'R64', 22, 'tp26-5b-joao-g', 'tp26-5b-guto', NULL, NULL, NULL, false),
('cat-5b-r64-23', 'cat-5b', 'R64', 23, 'tp26-5b-m-canete', 'tp26-5b-a-rentes', NULL, NULL, NULL, false),
('cat-5b-r64-24', 'cat-5b', 'R64', 24, 'tp26-5b-salomao', 'tp26-5b-arthur', NULL, NULL, NULL, false),
('cat-5b-r64-25', 'cat-5b', 'R64', 25, 'tp26-5b-rodrigo-barros', 'tp26-5b-fernando-s-seb', NULL, NULL, NULL, false),
('cat-5b-r64-26', 'cat-5b', 'R64', 26, 'tp26-5b-quina', 'tp26-5b-leo-curti', NULL, NULL, NULL, false),
('cat-5b-r64-27', 'cat-5b', 'R64', 27, 'tp26-5b-lucas-castro', 'tp26-5b-rodrigo-rib', NULL, NULL, NULL, false),
('cat-5b-r64-28', 'cat-5b', 'R64', 28, 'tp26-5b-rogerio', 'tp26-5b-silvio', NULL, NULL, NULL, false),
('cat-5b-r64-29', 'cat-5b', 'R64', 29, 'tp26-5b-renan', 'tp26-5b-zuca', NULL, NULL, NULL, false),
('cat-5b-r64-30', 'cat-5b', 'R64', 30, 'tp26-5b-peru-luis-e', 'tp26-5b-gustavo-sc', 'tp26-5b-gustavo-sc', NULL, NULL, true),
('cat-5b-r64-31', 'cat-5b', 'R64', 31, 'tp26-5b-bruno-diniz', 'tp26-5b-yan', NULL, NULL, NULL, false),
('cat-5b-r64-32', 'cat-5b', 'R64', 32, 'tp26-5b-igor', 'tp26-5b-pepe', NULL, NULL, NULL, false),
('cat-5b-r32-33', 'cat-5b', 'R32', 33, 'tp26-5b-thiago-costa', NULL, NULL, NULL, NULL, false),
('cat-5b-r32-34', 'cat-5b', 'R32', 34, NULL, NULL, NULL, NULL, NULL, false),
('cat-5b-r32-35', 'cat-5b', 'R32', 35, NULL, 'tp26-5b-tiago-bispo', NULL, NULL, NULL, false),
('cat-5b-r32-36', 'cat-5b', 'R32', 36, NULL, NULL, NULL, NULL, NULL, false),
('cat-5b-r32-37', 'cat-5b', 'R32', 37, 'tp26-5b-rodrigo-ub', NULL, NULL, NULL, NULL, false),
('cat-5b-r32-38', 'cat-5b', 'R32', 38, 'tp26-5b-joao-goulart', NULL, NULL, NULL, NULL, false),
('cat-5b-r32-39', 'cat-5b', 'R32', 39, NULL, NULL, NULL, NULL, NULL, false),
('cat-5b-r32-40', 'cat-5b', 'R32', 40, NULL, 'tp26-5b-guilherme-ub', NULL, NULL, NULL, false),
('cat-5b-r32-41', 'cat-5b', 'R32', 41, 'tp26-5b-l-felipe', 'tp26-5b-augusto', NULL, NULL, NULL, false),
('cat-5b-r32-42', 'cat-5b', 'R32', 42, NULL, 'tp26-5b-lucas-b', NULL, NULL, NULL, false),
('cat-5b-r32-43', 'cat-5b', 'R32', 43, 'tp26-5b-bruno-pozzatti', NULL, NULL, NULL, NULL, false),
('cat-5b-r32-44', 'cat-5b', 'R32', 44, NULL, NULL, NULL, NULL, NULL, false),
('cat-5b-r32-45', 'cat-5b', 'R32', 45, NULL, NULL, NULL, NULL, NULL, false),
('cat-5b-r32-46', 'cat-5b', 'R32', 46, NULL, NULL, NULL, NULL, NULL, false),
('cat-5b-r32-47', 'cat-5b', 'R32', 47, NULL, 'tp26-5b-gustavo-sc', NULL, NULL, NULL, false),
('cat-5b-r32-48', 'cat-5b', 'R32', 48, NULL, NULL, NULL, NULL, NULL, false),
('cat-5b-r16-49', 'cat-5b', 'R16', 49, NULL, NULL, NULL, NULL, NULL, false),
('cat-5b-r16-50', 'cat-5b', 'R16', 50, NULL, NULL, NULL, NULL, NULL, false),
('cat-5b-r16-51', 'cat-5b', 'R16', 51, NULL, NULL, NULL, NULL, NULL, false),
('cat-5b-r16-52', 'cat-5b', 'R16', 52, NULL, NULL, NULL, NULL, NULL, false),
('cat-5b-r16-53', 'cat-5b', 'R16', 53, NULL, NULL, NULL, NULL, NULL, false),
('cat-5b-r16-54', 'cat-5b', 'R16', 54, NULL, NULL, NULL, NULL, NULL, false),
('cat-5b-r16-55', 'cat-5b', 'R16', 55, NULL, NULL, NULL, NULL, NULL, false),
('cat-5b-r16-56', 'cat-5b', 'R16', 56, NULL, NULL, NULL, NULL, NULL, false),
('cat-5b-qf-57', 'cat-5b', 'QF', 57, NULL, NULL, NULL, NULL, NULL, false),
('cat-5b-qf-58', 'cat-5b', 'QF', 58, NULL, NULL, NULL, NULL, NULL, false),
('cat-5b-qf-59', 'cat-5b', 'QF', 59, NULL, NULL, NULL, NULL, NULL, false),
('cat-5b-qf-60', 'cat-5b', 'QF', 60, NULL, NULL, NULL, NULL, NULL, false),
('cat-5b-sf-61', 'cat-5b', 'SF', 61, NULL, NULL, NULL, NULL, NULL, false),
('cat-5b-sf-62', 'cat-5b', 'SF', 62, NULL, NULL, NULL, NULL, NULL, false),
('cat-5b-f-63', 'cat-5b', 'F', 63, NULL, NULL, NULL, NULL, NULL, false),
('cat-c-r64-1', 'cat-c', 'R64', 1, NULL, 'tp26-c-ratinho', 'tp26-c-ratinho', NULL, NULL, true),
('cat-c-r64-2', 'cat-c', 'R64', 2, 'tp26-c-sharles', 'tp26-c-cleiton', NULL, NULL, NULL, false),
('cat-c-r64-3', 'cat-c', 'R64', 3, 'tp26-c-lucas-ramos', 'tp26-c-alan-r', NULL, NULL, NULL, false),
('cat-c-r64-4', 'cat-c', 'R64', 4, 'tp26-c-humberto', 'tp26-c-marco-q', NULL, NULL, NULL, false),
('cat-c-r64-5', 'cat-c', 'R64', 5, 'tp26-c-china', 'tp26-c-leo-paes', NULL, NULL, NULL, false),
('cat-c-r64-6', 'cat-c', 'R64', 6, 'tp26-c-baduca', 'tp26-c-bruno-o', NULL, NULL, NULL, false),
('cat-c-r64-7', 'cat-c', 'R64', 7, 'tp26-c-wando', 'tp26-c-fredi', 'tp26-c-wando', '[[6,1],[6,3]]'::jsonb, NULL, false),
('cat-c-r64-8', 'cat-c', 'R64', 8, 'tp26-c-joao-rj', 'tp26-c-guilhermo', 'tp26-c-guilhermo', '[[6,1],[6,2]]'::jsonb, NULL, false),
('cat-c-r64-9', 'cat-c', 'R64', 9, 'tp26-c-paulo', 'tp26-c-edmilson', NULL, NULL, NULL, false),
('cat-c-r64-10', 'cat-c', 'R64', 10, 'tp26-c-fagner', 'tp26-c-luis-felipe', NULL, NULL, NULL, false),
('cat-c-r64-11', 'cat-c', 'R64', 11, 'tp26-c-elaine', 'tp26-c-a-peru', NULL, NULL, NULL, false),
('cat-c-r64-12', 'cat-c', 'R64', 12, 'tp26-c-romeu', 'tp26-c-andre-r', 'tp26-c-andre-r', '[[6,3],[6,1]]'::jsonb, NULL, false),
('cat-c-r64-13', 'cat-c', 'R64', 13, 'tp26-c-rodrigo-rib', 'tp26-c-lukas', NULL, NULL, NULL, false),
('cat-c-r64-14', 'cat-c', 'R64', 14, 'tp26-c-rafael-e', 'tp26-c-rafael-gim', NULL, NULL, NULL, false),
('cat-c-r64-15', 'cat-c', 'R64', 15, 'tp26-c-zuca', 'tp26-c-luis-eduardo', NULL, NULL, NULL, false),
('cat-c-r64-16', 'cat-c', 'R64', 16, NULL, 'tp26-c-miro', 'tp26-c-miro', NULL, NULL, true),
('cat-c-r64-17', 'cat-c', 'R64', 17, 'tp26-c-yan', 'tp26-c-lucas-gallina', NULL, NULL, NULL, false),
('cat-c-r64-18', 'cat-c', 'R64', 18, 'tp26-c-robertinho', 'tp26-c-rogerio', NULL, NULL, NULL, false),
('cat-c-r64-19', 'cat-c', 'R64', 19, 'tp26-c-aldecir', 'tp26-c-cristiano-lodi', NULL, NULL, NULL, false),
('cat-c-r64-20', 'cat-c', 'R64', 20, 'tp26-c-julio-guto', 'tp26-c-pedro-henrique', NULL, NULL, NULL, false),
('cat-c-r64-21', 'cat-c', 'R64', 21, 'tp26-c-caio', 'tp26-c-ton', NULL, NULL, NULL, false),
('cat-c-r64-22', 'cat-c', 'R64', 22, 'tp26-c-alex-japa', 'tp26-c-vitor', 'tp26-c-vitor', '[[7,6],[3,6],[10,8]]'::jsonb, NULL, false),
('cat-c-r64-23', 'cat-c', 'R64', 23, 'tp26-c-igor', 'tp26-c-ulisses', NULL, NULL, NULL, false),
('cat-c-r64-24', 'cat-c', 'R64', 24, 'tp26-c-dr-douglas', 'tp26-c-rogester', NULL, NULL, NULL, false),
('cat-c-r64-25', 'cat-c', 'R64', 25, NULL, 'tp26-c-fernando-rufino', 'tp26-c-fernando-rufino', NULL, NULL, true),
('cat-c-r64-26', 'cat-c', 'R64', 26, 'tp26-c-danilo', 'tp26-c-rodrigo-quina', NULL, NULL, NULL, false),
('cat-c-r64-27', 'cat-c', 'R64', 27, 'tp26-c-joao-goulart', 'tp26-c-vinicius', NULL, NULL, NULL, false),
('cat-c-r64-28', 'cat-c', 'R64', 28, 'tp26-c-nicolas', 'tp26-c-julio-p', NULL, NULL, NULL, false),
('cat-c-r64-29', 'cat-c', 'R64', 29, 'tp26-c-jaco', 'tp26-c-pedro-kokol', NULL, NULL, NULL, false),
('cat-c-r64-30', 'cat-c', 'R64', 30, 'tp26-c-giovani', 'tp26-c-joao-guilherme', NULL, NULL, NULL, false),
('cat-c-r64-31', 'cat-c', 'R64', 31, 'tp26-c-eden', 'tp26-c-juscelino', 'tp26-c-eden', '[[6,3],[7,6]]'::jsonb, NULL, false),
('cat-c-r64-32', 'cat-c', 'R64', 32, 'tp26-c-salomao', NULL, 'tp26-c-salomao', NULL, NULL, true),
('cat-c-r32-33', 'cat-c', 'R32', 33, 'tp26-c-ratinho', NULL, NULL, NULL, NULL, false),
('cat-c-r32-34', 'cat-c', 'R32', 34, NULL, NULL, NULL, NULL, NULL, false),
('cat-c-r32-35', 'cat-c', 'R32', 35, NULL, NULL, NULL, NULL, NULL, false),
('cat-c-r32-36', 'cat-c', 'R32', 36, 'tp26-c-wando', 'tp26-c-guilhermo', NULL, NULL, NULL, false),
('cat-c-r32-37', 'cat-c', 'R32', 37, NULL, NULL, NULL, NULL, NULL, false),
('cat-c-r32-38', 'cat-c', 'R32', 38, NULL, 'tp26-c-andre-r', NULL, NULL, NULL, false),
('cat-c-r32-39', 'cat-c', 'R32', 39, NULL, NULL, NULL, NULL, NULL, false),
('cat-c-r32-40', 'cat-c', 'R32', 40, NULL, 'tp26-c-miro', NULL, NULL, NULL, false),
('cat-c-r32-41', 'cat-c', 'R32', 41, NULL, NULL, NULL, NULL, NULL, false),
('cat-c-r32-42', 'cat-c', 'R32', 42, NULL, NULL, NULL, NULL, NULL, false),
('cat-c-r32-43', 'cat-c', 'R32', 43, NULL, 'tp26-c-vitor', NULL, NULL, NULL, false),
('cat-c-r32-44', 'cat-c', 'R32', 44, NULL, NULL, NULL, NULL, NULL, false),
('cat-c-r32-45', 'cat-c', 'R32', 45, 'tp26-c-fernando-rufino', NULL, NULL, NULL, NULL, false),
('cat-c-r32-46', 'cat-c', 'R32', 46, NULL, NULL, NULL, NULL, NULL, false),
('cat-c-r32-47', 'cat-c', 'R32', 47, NULL, NULL, NULL, NULL, NULL, false),
('cat-c-r32-48', 'cat-c', 'R32', 48, 'tp26-c-eden', 'tp26-c-salomao', NULL, NULL, NULL, false),
('cat-c-r16-49', 'cat-c', 'R16', 49, NULL, NULL, NULL, NULL, NULL, false),
('cat-c-r16-50', 'cat-c', 'R16', 50, NULL, NULL, NULL, NULL, NULL, false),
('cat-c-r16-51', 'cat-c', 'R16', 51, NULL, NULL, NULL, NULL, NULL, false),
('cat-c-r16-52', 'cat-c', 'R16', 52, NULL, NULL, NULL, NULL, NULL, false),
('cat-c-r16-53', 'cat-c', 'R16', 53, NULL, NULL, NULL, NULL, NULL, false),
('cat-c-r16-54', 'cat-c', 'R16', 54, NULL, NULL, NULL, NULL, NULL, false),
('cat-c-r16-55', 'cat-c', 'R16', 55, NULL, NULL, NULL, NULL, NULL, false),
('cat-c-r16-56', 'cat-c', 'R16', 56, NULL, NULL, NULL, NULL, NULL, false),
('cat-c-qf-57', 'cat-c', 'QF', 57, NULL, NULL, NULL, NULL, NULL, false),
('cat-c-qf-58', 'cat-c', 'QF', 58, NULL, NULL, NULL, NULL, NULL, false),
('cat-c-qf-59', 'cat-c', 'QF', 59, NULL, NULL, NULL, NULL, NULL, false),
('cat-c-qf-60', 'cat-c', 'QF', 60, NULL, NULL, NULL, NULL, NULL, false),
('cat-c-sf-61', 'cat-c', 'SF', 61, NULL, NULL, NULL, NULL, NULL, false),
('cat-c-sf-62', 'cat-c', 'SF', 62, NULL, NULL, NULL, NULL, NULL, false),
('cat-c-f-63', 'cat-c', 'F', 63, NULL, NULL, NULL, NULL, NULL, false)
ON CONFLICT (id) DO NOTHING;

-- ============ Walkover/observações conhecidas ============
UPDATE public.matches SET walkover_reason = 'lesão' WHERE id = 'cat-a-r16-24';

-- ============================================================
-- Verificação:
-- SELECT count(*) FROM public.bracket_entries;  -- esperado: 225
-- SELECT count(*) FROM public.matches;          -- esperado: 188
-- SELECT count(*) FROM public.matches WHERE winner_entry_id IS NOT NULL;
-- ============================================================
